team,venue,start_year,end_year,deal
Broncos,Lang Park,2003,2026,0
Bulldogs,Stadium Australia,2005,2026,0
Bulldogs,Belmore Sports Ground,2015,2026,0
Cowboys,Willows Sports Complex,1995,2019,0
Cowboys,North Queensland Stadium,2020,2026,0
Dolphins,Dolphin Stadium,2023,2026,0
Dolphins,Lang Park,2023,2026,0
Dragons,Wollongong Showground,1999,2026,0
Dragons,Jubilee Stadium,2003,2026,0
Dragons,Stadium Australia,2006,2026,0
Eels,Parramatta Stadium,1986,2016,0
Eels,Stadium Australia,2017,2018,0
Eels,Western Sydney Stadium,2019,2026,0
Knights,Newcastle International Sports Centre,1988,2026,0
Panthers,Penrith Stadium,1967,2024,0
Panthers,Western Sydney Stadium,2025,2026,0
Rabbitohs,Sydney Football Stadium,2002,2005,0
Rabbitohs,Stadium Australia,2006,2026,0
Raiders,Canberra Stadium,1990,2026,0
Roosters,Sydney Football Stadium,1988,2018,0
Roosters,SCG,2019,2022,0
Roosters,Sydney Football Stadium,2022,2026,0
Sea Eagles,Brookvale Oval,2003,2026,0
Sharks,Endeavour Field,1968,2026,0
Sharks,Jubilee Stadium,2020,2021,0
Storm,Olympic Park Stadium,1998,2009,0
Storm,Melbourne Rectangular Stadium,2010,2026,0
Titans,Carrara Stadium,2007,2007,0
Titans,Robina Stadium,2008,2026,0
Warriors,Mount Smart Stadium,1995,2026,0
Wests Tigers,Campbelltown Sports Stadium,2000,2026,0
Wests Tigers,Leichhardt Oval,2000,2026,0
Wests Tigers,Stadium Australia,2005,2008,0
Wests Tigers,Sydney Football Stadium,2009,2013,0
Wests Tigers,Stadium Australia,2014,2018,0
Wests Tigers,Western Sydney Stadium,2019,2026,0
