team,city,state
Adelaide,Adelaide,South Australia
Brisbane Lions,Brisbane,Queensland
Carlton,Melbourne,Victoria
Collingwood,Melbourne,Victoria
Essendon,Melbourne,Victoria
Fremantle,Perth,Western Australia
Geelong,Geelong,Victoria
Gold Coast,Gold Coast,Queensland
GWS Giants,Sydney,New South Wales
Hawthorn,Melbourne,Victoria
Melbourne,Melbourne,Victoria
North Melbourne,Melbourne,Victoria
Port Adelaide,Adelaide,South Australia
Richmond,Melbourne,Victoria
St Kilda,Melbourne,Victoria
Sydney,Sydney,New South Wales
West Coast,Perth,Western Australia
Western Bulldogs,Melbourne,Victoria
